gID,Biosample,Genome.ID,Assembly.Accession,Collection_year,Location,Region,Continent,NDM,KPC,IncF_plasmid
SAMEA29245918,SAMEA29245918,NA,NA,2014,Germany,Western Europe,Europe,NDM_1,Absent,Absent
SAMEA5226276,SAMEA5226276,NA,NA,2015,Spain,Southern Europe,Europe,NDM_1,Absent,Absent
SAMEA5226299,SAMEA5226299,NA,NA,2015,Spain,Southern Europe,Europe,NDM_1,Absent,Absent
SAMEA5226303,SAMEA5226303,NA,NA,2016,Spain,Southern Europe,Europe,NDM_1,Absent,Absent
SAMEA5226310,SAMEA5226310,NA,NA,2016,Spain,Southern Europe,Europe,NDM_1,Absent,Absent
SAMEA5232642,SAMEA5232642,NA,NA,2016,Spain,Southern Europe,Europe,NDM_1,Absent,Absent
SAMEA5232643,SAMEA5232643,NA,NA,2016,Spain,Southern Europe,Europe,NDM_1,Absent,Absent
SAMEA5232644,SAMEA5232644,NA,NA,2016,Spain,Southern Europe,Europe,NDM_1,Absent,Absent
SAMEA5232659,SAMEA5232659,NA,NA,2016,Spain,Southern Europe,Europe,NDM_1,Absent,Absent
SAMEA5232660,SAMEA5232660,NA,NA,2016,Spain,Southern Europe,Europe,NDM_1,Absent,Absent
SAMN13412821,SAMN13412821,NA,NA,2016,Peru,Latin America and the Caribbean,Americas,NDM_1,Absent,Absent
SAMN13412825,SAMN13412825,NA,NA,2016,Peru,Latin America and the Caribbean,Americas,NDM_1,Absent,Absent
SAMN13412822,SAMN13412822,NA,NA,2016,Peru,Latin America and the Caribbean,Americas,NDM_1,Absent,Absent
SAMN13412824,SAMN13412824,NA,NA,2016,Peru,Latin America and the Caribbean,Americas,NDM_1,Absent,Absent
SAMN13412823,SAMN13412823,NA,NA,2016,Peru,Latin America and the Caribbean,Americas,NDM_1,Absent,Absent
SAMN15437746,SAMN15437746,NA,NA,2018,Italy,Southern Europe,Europe,NDM_1,Absent,Absent
SAMN15437792,SAMN15437792,NA,NA,2018,Italy,Southern Europe,Europe,NDM_1,Absent,Absent
SAMN15437790,SAMN15437790,NA,NA,2019,Italy,Southern Europe,Europe,NDM_1,Absent,Absent
SAMN15437785,SAMN15437785,NA,NA,2019,Italy,Southern Europe,Europe,NDM_1,Absent,Absent
SAMN15437783,SAMN15437783,NA,NA,2019,Italy,Southern Europe,Europe,NDM_1,Absent,Absent
SAMN15437782,SAMN15437782,NA,NA,2019,Italy,Southern Europe,Europe,NDM_1,Absent,Absent
SAMN04014979,SAMN04014979,573.12773,NA,NA,NA,NA,NA,NDM_7,Absent,Absent
SAMN04014986,SAMN04014986,573.1278,NA,NA,NA,NA,NA,NDM_1,Absent,Absent
SAMN04014993,SAMN04014993,573.12781,NA,NA,NA,NA,NA,NDM_1,Absent,Absent
SAMN07312483,SAMN07312483,573.15312,GCA_002591075.1,2014,Canada,Northern America,Americas,NDM_1,Absent,Absent
SAMN07312486,SAMN07312486,573.1532,GCA_002636375.1,2010,Canada,Northern America,Americas,Absent,KPC_2,Absent
SAMN05908511,SAMN05908511,573.1792,GCA_003006175.1,2015,Pakistan,Southern Asia,Asia,Absent,Absent,Absent
573.18238,SAMN08026708,573.18238,GCA_003031345.1,2016,Thailand,South-eastern Asia,Asia,Absent,Absent,Absent
573.18464,SAMN09245749,573.18464,GCA_003181055.1,NA,Sweden,Northern Europe,Europe,Absent,Absent,Absent
573.18476,SAMN07602587,573.18476,GCA_003194285.1,2012,Sweden,Northern Europe,Europe,Absent,Absent,Absent
573.1921,SAMEA3257677,573.1921,GCF_001455995.1,2014,United Arab Emirates,Western Asia,Asia,Absent,Absent,Absent
573.23144,SAMN07760932,573.23144,GCA_003856595.1,2009,Sweden,Northern Europe,Europe,Absent,Absent,Absent
573.25985,SAMN11835544,573.25985,GCA_005944305.1,2019,United Kingdom,Northern Europe,Europe,NDM_1,Absent,Absent
573.27566,SAMN11056345,573.27566,GCA_008693405.1,NA,USA,Northern America,Americas,NDM_1,Absent,Absent
573.29093,SAMD00186795,573.29093,GCA_009731405.1,2018,Nepal,Southern Asia,Asia,Absent,Absent,Absent
573.29586,SAMN09499693,573.29586,NA,2013,China,Eastern Asia,Asia,Absent,KPC_2,Absent
573.31289,SAMN14421539,573.31289,GCA_011769725.1,2018,Czech Republic,Eastern Europe,Europe,NDM_5,Absent,Absent
573.32309,SAMN15578212,573.32309,GCA_013694405.1,2009,NA,NA,NA,NDM_1,Absent,Present
573.4021,SAMN04917370,573.4021,GCF_001644765.1,2015,United Arab Emirates,Western Asia,Asia,Absent,Absent,Absent
SAMN03455970,SAMN03455970,573.4026,GCF_001648215.1,2014,United States,Northern America,Americas,NDM_1,Absent,Absent
SAMN03455975,SAMN03455975,573.4031,GCF_001663435.1,2013,United States,Northern America,Americas,Absent,Absent,Absent
573.7015,SAMN03770912,573.7015,GCF_001855315.1,2014,Singapore,South-eastern Asia,Asia,NDM_1,Absent,Absent
573.7226,SAMN05412444,573.72260000000006,GCF_001885255.1,2013,Germany,Western Europe,Europe,Absent,Absent,Absent
573.7352,SAMN05412458,573.7352,GCF_001908595.1,2014,Germany,Western Europe,Europe,Absent,Absent,Absent
573.7353,SAMN05412797,573.7353,GCF_001908625.1,2014,Germany,Western Europe,Europe,Absent,Absent,Absent
573.7354,SAMN05412802,573.7354,GCF_001908655.1,2014,Germany,Western Europe,Europe,Absent,Absent,Absent
573.7355,SAMN05412803,573.7355,GCF_001908675.1,2014,Germany,Western Europe,Europe,Absent,Absent,Absent
573.7356,SAMN05412804,573.7356,GCF_001908695.1,2014,Germany,Western Europe,Europe,Absent,Absent,Absent
573.7358,SAMN05412459,573.7358,GCF_001908875.1,2014,Germany,Western Europe,Europe,Absent,Absent,Absent
573.9645,SAMN05412796,573.9645,GCF_001956965.1,2014,Germany,Western Europe,Europe,Absent,Absent,Absent
72407.396,SAMN04087463,72407.396,GCF_001746535.1,2013,Greece,Southern Europe,Europe,Absent,Absent,Absent
72407.79,SAMN02820980,72407.79,GCF_000785005.1,2013,United States,Northern America,Americas,Absent,KPC_2,Absent
SAMN05960906,SAMN05960906,573.12726,GCA_002187575.1,2013,Nigeria,Sub-Saharan Africa,Africa,Absent,Absent,Absent
SAMN05960907,SAMN05960907,573.12752,GCA_002188145.1,2013,Nigeria,Sub-Saharan Africa,Africa,Absent,Absent,Absent
SAMN05960948,SAMN05960948,573.12756,GCA_002188245.1,2014,Nigeria,Sub-Saharan Africa,Africa,Absent,Absent,Absent
573.1356,SAMN02996355,573.1356,GCF_000763925.1,2014,United States,Northern America,Americas,NDM_1,Absent,Absent
573.1357,SAMN02996354,573.1357,GCF_000763935.1,2014,United States,Northern America,Americas,NDM_1,Absent,Absent
573.1372,SAMN03255440,573.1372,GCF_000807515.1,2012,Colombia,Latin America and the Caribbean,Americas,NDM_1,Absent,Absent
573.1375,SAMN03271887,573.1375,GCF_000817855.1,2012,Australia,Australia and New Zealand,Oceania,Absent,Absent,Absent
573.1481,SAMN02996353,573.1481,GCF_000956385.1,2014,United States,Northern America,Americas,NDM_1,Absent,Absent
573.1482,SAMN02996352,573.1482,GCF_000956395.1,2014,United States,Northern America,Americas,NDM_1,Absent,Absent
573.1484,SAMN02996354,573.1484,GCF_000958945.1,2014,United States,Northern America,Americas,NDM_1,Absent,Absent
573.1485,SAMN02996353,573.1485,GCF_000958955.1,2014,United States,Northern America,Americas,NDM_1,Absent,Absent
573.1486,SAMN02996355,573.1486,GCF_000958965.1,2014,United States,Northern America,Americas,NDM_1,Absent,Absent
573.14863,SAMN06671966,573.14863,GCA_002258105.1,2016,China,Eastern Asia,Asia,Absent,KPC_2,Absent
573.1487,SAMN02996352,573.1487,GCF_000958975.1,2014,United States,Northern America,Americas,NDM_1,Absent,Absent
SAMN07179229,SAMN07179229,573.14936,GCA_002263345.1,2016,NA,NA,NA,NDM_1,Absent,Absent
SAMN07179230,SAMN07179230,573.14937,GCA_002263375.1,2016,NA,NA,NA,NDM_1,Absent,Absent
573.15243,SAMN07690980,573.15243,GCA_002406915.1,2017,India,Southern Asia,Asia,Absent,Absent,Absent
573.15381,SAMN07175066,573.15381,GCA_002775175.1,2013,Lebanon,Western Asia,Asia,NDM_1,Absent,Absent
SAMN03280388,SAMN03280388,573.1636,GCF_001033525.1,2014,NA,NA,NA,Absent,Absent,Absent
SAMN03280392,SAMN03280392,573.164,GCF_001033585.1,2014,NA,NA,NA,NDM_1,Absent,Absent
SAMN08733388,SAMN08733388,573.18019,GCA_003123945.1,2017,France,Western Europe,Europe,NDM_1,Absent,Absent
573.18229,SAMN08049045,573.18229,GCA_003034565.1,2014,Greece,Southern Europe,Europe,Absent,Absent,Present
573.18232,SAMN08049046,573.18232,GCA_003034485.1,2014,Greece,Southern Europe,Europe,Absent,Absent,Present
573.18234,SAMN08049047,573.18234,GCA_003034435.1,2014,Greece,Southern Europe,Europe,Absent,Absent,Present
573.18237,SAMN08049048,573.18237,GCA_003034385.1,2014,Greece,Southern Europe,Europe,Absent,Absent,Present
SAMN08782032,SAMN08782032,573.18687,GCA_003311745.1,2015,India,Southern Asia,Asia,Absent,KPC_2,Absent
SAMN08782029,SAMN08782029,573.18688,GCA_003311785.1,2015,India,Southern Asia,Asia,Absent,KPC_2,Absent
SAMN08782031,SAMN08782031,573.18695,GCA_003314495.1,2015,India,Southern Asia,Asia,Absent,KPC_2,Absent
SAMN08782030,SAMN08782030,573.18696,GCA_003314505.1,2015,India,Southern Asia,Asia,Absent,KPC_2,Absent
SAMN04158287,SAMN04158287,573.1951,GCF_001462825.1,2010,Norway,Northern Europe,Europe,Absent,Absent,Absent
SAMN04158288,SAMN04158288,573.1952,GCF_001462845.1,2010,Norway,Northern Europe,Europe,Absent,Absent,Absent
SAMN04158293,SAMN04158293,573.1958,GCF_001463085.1,2012,Norway,Northern Europe,Europe,NDM_1,Absent,Absent
SAMN07311096,SAMN07311096,573.19901,GCA_003335065.1,2015,United States,Northern America,Americas,Absent,Absent,Absent
SAMN07311095,SAMN07311095,573.19906,GCA_003345715.1,2015,United States,Northern America,Americas,Absent,Absent,Absent
SAMN07311087,SAMN07311087,573.19907,GCA_003345765.1,2015,United States,Northern America,Americas,Absent,Absent,Absent
573.19938,SAMN09222895,573.19938,GCA_003363475.1,2015,Sri Lanka,Southern Asia,Asia,Absent,Absent,Absent
573.19939,SAMN09222890,573.19939,GCA_003363495.1,2015,Sri Lanka,Southern Asia,Asia,Absent,Absent,Absent
573.19941,SAMN09222892,573.19941,GCA_003363555.1,2015,Sri Lanka,Southern Asia,Asia,Absent,Absent,Absent
573.19943,SAMN09222887,573.19943,GCA_003363575.1,2015,Sri Lanka,Southern Asia,Asia,Absent,Absent,Absent
573.19944,SAMN09222894,573.19944,GCA_003363595.1,2015,Sri Lanka,Southern Asia,Asia,Absent,Absent,Absent
573.19945,SAMN09222893,573.19945,GCA_003363635.1,2015,Sri Lanka,Southern Asia,Asia,Absent,Absent,Absent
573.19946,SAMN09222889,573.19946,GCA_003363645.1,2015,Sri Lanka,Southern Asia,Asia,Absent,Absent,Absent
573.1997,SAMEA3515299,573.1997,GCA_001511015.1,NA,NA,NA,NA,Absent,KPC_2,Absent
SAMEA24023668,SAMEA24023668,573.20224,GCA_900493055.1,2016,Thailand,South-eastern Asia,Asia,Absent,Absent,Absent
SAMEA4364672,SAMEA4364672,573.20248,GCA_900493305.1,2016,Thailand,South-eastern Asia,Asia,Absent,Absent,Absent
SAMEA4394723,SAMEA4394723,573.20256,GCA_900493375.1,2016,Thailand,South-eastern Asia,Asia,Absent,Absent,Absent
SAMEA4394731,SAMEA4394731,573.20271,GCA_900493525.1,2016,Thailand,South-eastern Asia,Asia,Absent,Absent,Absent
SAMEA4394732,SAMEA4394732,573.20274,GCA_900493555.1,2016,Thailand,South-eastern Asia,Asia,Absent,Absent,Absent
SAMEA4364599,SAMEA4364599,573.20306,GCA_900493875.1,2016,Thailand,South-eastern Asia,Asia,Absent,Absent,Absent
SAMEA4364612,SAMEA4364612,573.20317,GCA_900493985.1,2016,Thailand,South-eastern Asia,Asia,Absent,Absent,Absent
SAMEA4364634,SAMEA4364634,573.20328,GCA_900494095.1,2016,Thailand,South-eastern Asia,Asia,Absent,Absent,Absent
SAMEA4364647,SAMEA4364647,573.2033,GCA_900494105.1,2016,Thailand,South-eastern Asia,Asia,Absent,Absent,Absent
SAMEA4364622,SAMEA4364622,573.20369,GCA_900494615.1,2016,Thailand,South-eastern Asia,Asia,Absent,Absent,Absent
SAMEA4364621,SAMEA4364621,573.20378,GCA_900494745.1,2016,Thailand,South-eastern Asia,Asia,Absent,Absent,Absent
SAMEA3649689,SAMEA3649689,573.20464,GCA_900500845.1,2014,Greece,Southern Europe,Europe,Absent,Absent,Absent
SAMEA3649766,SAMEA3649766,573.20618,GCA_900502395.1,2013,Greece,Southern Europe,Europe,Absent,KPC_2,Absent
SAMEA3649786,SAMEA3649786,573.20631,GCA_900502525.1,2014,Denmark,Northern Europe,Europe,Absent,Absent,Absent
SAMEA3649809,SAMEA3649809,573.20637,GCA_900502585.1,2014,Denmark,Northern Europe,Europe,NDM_1,Absent,Absent
SAMEA3672960,SAMEA3672960,573.20744,GCA_900503645.1,NA,NA,NA,NA,Absent,KPC_2,Absent
SAMEA3720957,SAMEA3720957,573.2078,GCA_900504015.1,2013,Romania,Eastern Europe,Europe,Absent,Absent,Absent
SAMEA3720985,SAMEA3720985,573.20801,GCA_900504225.1,2014,Romania,Eastern Europe,Europe,Absent,KPC_2,Absent
SAMEA3673129,SAMEA3673129,573.20837,GCA_900504585.1,NA,NA,NA,NA,Absent,KPC_2,Absent
SAMEA3673140,SAMEA3673140,573.20848,GCA_900504685.1,NA,NA,NA,NA,Absent,KPC_2,Absent
SAMEA3673142,SAMEA3673142,573.20849,GCA_900504705.1,NA,NA,NA,NA,Absent,Absent,Absent
SAMEA3673106,SAMEA3673106,573.20864,GCA_900504855.1,NA,NA,NA,NA,Absent,KPC_2,Absent
SAMEA3721174,SAMEA3721174,573.20914,GCA_900505345.1,2014,Serbia,Southern Europe,Europe,NDM_1,Absent,Absent
SAMEA3721031,SAMEA3721031,573.20964,GCA_900505855.1,NA,NA,NA,NA,Absent,Absent,Absent
SAMEA3727684,SAMEA3727684,573.21084,GCA_900507055.1,2014,Belgium,Western Europe,Europe,Absent,Absent,Absent
SAMEA3727701,SAMEA3727701,573.21135,GCA_900507565.1,2014,Belgium,Western Europe,Europe,Absent,Absent,Absent
SAMEA3729680,SAMEA3729680,573.21153,GCA_900507745.1,2013,Turkey,Western Asia,Asia,Absent,Absent,Absent
SAMEA3729678,SAMEA3729678,573.21158,GCA_900507795.1,2013,Turkey,Western Asia,Asia,Absent,Absent,Absent
SAMEA3729714,SAMEA3729714,573.21165,GCA_900507865.1,2013,Turkey,Western Asia,Asia,Absent,Absent,Absent
SAMEA3729721,SAMEA3729721,573.21166,GCA_900507875.1,2013,Turkey,Western Asia,Asia,Absent,Absent,Absent
SAMEA3729737,SAMEA3729737,573.21174,GCA_900507955.1,2013,Turkey,Western Asia,Asia,Absent,Absent,Absent
SAMEA3500001,SAMEA3500001,573.21354,GCA_900510435.1,2014,France,Western Europe,Europe,Absent,Absent,Absent
SAMEA3500058,SAMEA3500058,573.21425,GCA_900511135.1,2014,France,Western Europe,Europe,Absent,Absent,Absent
SAMEA3499936,SAMEA3499936,573.21448,GCA_900511365.1,2014,Poland,Eastern Europe,Europe,Absent,Absent,Absent
SAMEA3499959,SAMEA3499959,573.21461,GCA_900511505.1,2013,Poland,Eastern Europe,Europe,Absent,Absent,Absent
SAMEA3538464,SAMEA3538464,573.21525,GCA_900512155.1,2014,Israel,Western Asia,Asia,Absent,Absent,Absent
SAMEA3512051,SAMEA3512051,573.21544,GCA_900512345.1,2013,Germany,Western Europe,Europe,Absent,KPC_2,Absent
SAMEA3512065,SAMEA3512065,573.21555,GCA_900512445.1,2014,Germany,Western Europe,Europe,Absent,Absent,Absent
SAMEA3515094,SAMEA3515094,573.21633,GCA_900513215.1,2013,Italy,Southern Europe,Europe,Absent,Absent,Absent
SAMEA3538511,SAMEA3538511,573.21664,GCA_900513535.1,2013,Israel,Western Asia,Asia,Absent,Absent,Absent
SAMEA3538937,SAMEA3538937,573.21952,GCA_900516415.1,2013,Spain,Southern Europe,Europe,Absent,Absent,Absent
SAMEA3538966,SAMEA3538966,573.21971,GCA_900516605.1,2014,Spain,Southern Europe,Europe,Absent,Absent,Absent
SAMEA3538842,SAMEA3538842,573.22015,GCA_900517045.1,2013,Hungary,Eastern Europe,Europe,Absent,Absent,Absent
SAMEA3649582,SAMEA3649582,573.22019,GCA_900517095.1,2014,Spain,Southern Europe,Europe,Absent,Absent,Absent
SAMEA3649541,SAMEA3649541,573.22048,GCA_900517375.1,2014,Spain,Southern Europe,Europe,Absent,Absent,Absent
SAMEA3649545,SAMEA3649545,573.22051,GCA_900517405.1,2014,Spain,Southern Europe,Europe,Absent,Absent,Absent
SAMEA3649553,SAMEA3649553,573.22058,GCA_900517465.1,2014,Spain,Southern Europe,Europe,Absent,Absent,Absent
SAMEA3649617,SAMEA3649617,573.22076,GCA_900517655.1,2013,Spain,Southern Europe,Europe,Absent,Absent,Absent
SAMEA3649615,SAMEA3649615,573.22077,GCA_900517665.1,2013,Spain,Southern Europe,Europe,Absent,Absent,Absent
SAMN05956152,SAMN05956152,573.22416,GCA_001903685.4,NA,United States,Northern America,Americas,Absent,Absent,Absent
SAMN05956151,SAMN05956151,573.22445,GCA_001904245.4,NA,United States,Northern America,Americas,NDM_5,Absent,Absent
SAMN10252241,SAMN10252241,573.22578,GCA_003687795.1,2017,Malaysia,South-eastern Asia,Asia,NDM_1,Absent,Absent
573.22592,SAMN10255171,573.22592,GCA_003688865.1,2018,India,Southern Asia,Asia,Absent,Absent,Absent
SAMN10248982,SAMN10248982,573.23196,GCA_003936365.1,2016,Pakistan,Southern Asia,Asia,NDM_5,Absent,Absent
SAMN10249080,SAMN10249080,573.23199,GCA_003936435.1,2016,Pakistan,Southern Asia,Asia,NDM_5,Absent,Absent
SAMN10248999,SAMN10248999,573.23213,GCA_003937185.1,2016,Pakistan,Southern Asia,Asia,NDM_5,Absent,Absent
SAMN10248966,SAMN10248966,573.23216,GCA_003937245.1,2016,Pakistan,Southern Asia,Asia,NDM_5,Absent,Absent
SAMN10249056,SAMN10249056,573.23217,GCA_003937455.1,2016,Pakistan,Southern Asia,Asia,NDM_5,Absent,Absent
SAMN10249165,SAMN10249165,573.23228,GCA_003944885.1,2016,Pakistan,Southern Asia,Asia,NDM_5,Absent,Absent
SAMN10249192,SAMN10249192,573.23229,GCA_003944905.1,2016,Pakistan,Southern Asia,Asia,Absent,Absent,Absent
573.23257,SAMN10644702,573.23257,GCA_004005185.1,2017,France,Western Europe,Europe,Absent,Absent,Absent
573.23264,SAMN10644676,573.23264,GCA_004005735.1,2017,France,Western Europe,Europe,Absent,Absent,Absent
573.23307,SAMEA4916091,573.23307,GCA_900608075.1,2014,Switzerland,Western Europe,Europe,Absent,Absent,Absent
SAMN04448231,SAMN04448231,573.24248,NA,2013,United States,Northern America,Americas,Absent,Absent,Absent
SAMN05170329,SAMN05170329,573.24373,NA,2014,United States,Northern America,Americas,NDM_1,Absent,Absent
SAMN05170330,SAMN05170330,573.24402,NA,2014,United States,Northern America,Americas,NDM_1,Absent,Absent
SAMN05170111,SAMN05170111,573.24411,NA,2013,United States,Northern America,Americas,Absent,Absent,Absent
573.25573,SAMN05207686,573.25573,GCA_001721555.1,2015,India,Southern Asia,Asia,Absent,Absent,Absent
573.25605,SAMN08998650,573.25605,GCA_004127345.1,2015,China,Eastern Asia,Asia,NDM_5,Absent,Absent
573.25635,SAMN10847477,573.25635,GCA_004145685.1,2017,France,Western Europe,Europe,Absent,Absent,Absent
573.25682,SAMN10979294,573.25682,GCA_004310675.1,2014,Russia,Eastern Europe,Europe,Absent,Absent,Absent
573.25718,SAMD00129564,573.25718,GCA_004311925.1,2014,Japan,Eastern Asia,Asia,Absent,Absent,Absent
SAMN11399492,SAMN11399492,573.25882,GCA_004832855.1,2017,Thailand,South-eastern Asia,Asia,NDM_4,Absent,Absent
SAMN11399450,SAMN11399450,573.25945,GCA_005146185.1,2017,Thailand,South-eastern Asia,Asia,NDM_1,Absent,Absent
SAMEA4873568,SAMEA4873568,573.26248,GCA_900775805.1,2014,NA,NA,NA,Absent,Absent,Absent
SAMN11878539,SAMN11878539,573.27266,GCA_007096915.1,2014,Russia,Eastern Europe,Europe,Absent,Absent,Absent
573.27422,SAMN12676103,573.27422,GCA_008374095.1,2018,France,Western Europe,Europe,NDM_4,KPC_2,Absent
573.27423,SAMN12676099,573.27423,GCA_008374115.1,2018,France,Western Europe,Europe,Absent,KPC_3,Absent
573.27425,SAMN12676101,573.27425,GCA_008374135.1,2018,France,Western Europe,Europe,Absent,KPC_3,Absent
573.27431,SAMN12676096,573.27431,GCA_008374245.1,2018,France,Western Europe,Europe,Absent,KPC_3,Absent
573.27433,SAMN12676093,573.27433,GCA_008374295.1,2018,France,Western Europe,Europe,Absent,KPC_3,Absent
573.27445,SAMN12676081,573.27445,GCA_008374535.1,2018,France,Western Europe,Europe,Absent,KPC_3,Absent
573.27448,SAMN12676080,573.27448,GCA_008374575.1,2018,France,Western Europe,Europe,Absent,KPC_3,Absent
573.27449,SAMN12676076,573.27449,GCA_008374585.1,2018,France,Western Europe,Europe,Absent,KPC_3,Absent
573.27452,SAMN12676073,573.27452,GCA_008374665.1,2018,France,Western Europe,Europe,Absent,KPC_3,Absent
573.27458,SAMN12676065,573.27458,GCA_008374795.1,2018,France,Western Europe,Europe,Absent,KPC_3,Absent
573.27477,SAMN12676047,573.27477,GCA_008375195.1,2018,France,Western Europe,Europe,Absent,KPC_3,Absent
573.27479,SAMN12676044,573.27479,GCA_008375215.1,2018,France,Western Europe,Europe,Absent,KPC_3,Absent
SAMN12392806,SAMN12392806,573.2795,GCA_008704085.1,2011,USA,Northern America,Americas,Absent,Absent,Absent
573.27993,SAMN12572049,573.27993,GCA_008867615.1,2018,Spain,Southern Europe,Europe,Absent,Absent,Absent
573.27996,SAMN12572046,573.27996,GCA_008867645.1,2012,Spain,Southern Europe,Europe,Absent,Absent,Absent
573.28577,SAMN13091586,573.28577,NA,2016,India,Southern Asia,Asia,NDM_5,Absent,Absent
573.28657,SAMN13153757,573.28657,NA,2017,Russia,Eastern Europe,Europe,Absent,Absent,Absent
573.28666,SAMN13153751,573.28666,NA,2017,Russia,Eastern Europe,Europe,NDM_1,Absent,Absent
573.28674,SAMN13153742,573.28674,NA,2017,Russia,Eastern Europe,Europe,NDM_1,Absent,Absent
573.28678,SAMN13153737,573.28678,NA,2017,Russia,Eastern Europe,Europe,Absent,Absent,Absent
573.29055,SAMN13315560,573.29055,NA,2016,Bangladesh,Southern Asia,Asia,NDM_1,Absent,Absent
573.29109,SAMN13337937,573.29109,GCA_009746315.1,NA,Spain,Southern Europe,Europe,Absent,Absent,Absent
573.29469,SAMN13675302,573.29469,NA,2014,Greece,Southern Europe,Europe,Absent,Absent,Absent
573.29472,SAMN13675304,573.29472,NA,2015,Greece,Southern Europe,Europe,Absent,KPC_2,Absent
573.29475,SAMN13675299,573.29475,NA,2017,Greece,Southern Europe,Europe,Absent,Absent,Absent
573.29477,SAMN13675296,573.29477,NA,NA,Greece,Southern Europe,Europe,Absent,Absent,Absent
573.29478,SAMN13675297,573.29478,NA,2014,Greece,Southern Europe,Europe,Absent,KPC_2,Absent
573.29493,SAMN13623933,573.29493,NA,2016,France,Western Europe,Europe,NDM_1,Absent,Absent
573.29494,SAMN13623932,573.29494,NA,2016,France,Western Europe,Europe,NDM_1,Absent,Absent
SAMEA104414842,SAMEA104414842,573.2997,GCA_902704775.1,NA,NA,NA,NA,Absent,KPC_3,Absent
SAMEA104414838,SAMEA104414838,573.29971,GCA_902704785.1,NA,NA,NA,NA,Absent,KPC_3,Absent
SAMN12250576,SAMN12250576,573.30865,GCA_010598735.1,2015,USA,Northern America,Americas,NDM_7,Absent,Absent
573.30899,SAMN14120115,573.30899,NA,2017,Lebanon,Western Asia,Asia,NDM_5,Absent,Absent
573.30902,SAMN14120114,573.30902,NA,2016,Lebanon,Western Asia,Asia,Absent,Absent,Absent
573.30906,SAMN14120194,573.30906,NA,2019,Lebanon,Western Asia,Asia,NDM_1,Absent,Absent
573.30969,SAMN14112006,573.30969,NA,2019,Russia,Eastern Europe,Europe,NDM_1,Absent,Absent
573.30974,SAMN14111994,573.30974,NA,2018,Russia,Eastern Europe,Europe,NDM_1,Absent,Absent
573.30976,SAMN14111995,573.30976,NA,2019,Russia,Eastern Europe,Europe,NDM_1,Absent,Absent
573.30981,SAMN14111999,573.30981,NA,2019,Russia,Eastern Europe,Europe,NDM_1,Absent,Absent
573.31216,SAMN10171025,573.31216,GCA_009983005.1,2018,Portugal,Southern Europe,Europe,Absent,KPC_3,Absent
573.31247,SAMN14402325,573.31247,NA,2019,India,Southern Asia,Asia,Absent,Absent,Absent
573.31256,SAMN14402350,573.31256,NA,2019,India,Southern Asia,Asia,NDM_5,Absent,Absent
573.31259,SAMN14402338,573.31259,NA,2019,India,Southern Asia,Asia,NDM_5,Absent,Absent
573.31265,SAMN14402343,573.31265,NA,2019,India,Southern Asia,Asia,NDM_5,Absent,Absent
573.31274,SAMN14402330,573.31274,NA,2019,India,Southern Asia,Asia,NDM_5,Absent,Absent
573.31283,SAMN14402328,573.31283,NA,2019,India,Southern Asia,Asia,NDM_5,Absent,Absent
573.31344,SAMN14492366,573.31344,GCA_012241505.1,2017,Peru,Latin America and the Caribbean,Americas,NDM_1,Absent,Absent
573.31889,SAMEA6829113,573.31889,GCA_903171915.1,2007,Portugal,Southern Europe,Europe,Absent,Absent,Absent
573.32154,SAMEA6815029,573.32154,GCA_903110795.1,NA,Senegal,Sub-Saharan Africa,Africa,Absent,KPC_2,Absent
573.32155,SAMEA6815026,573.32155,GCA_903110895.1,NA,Senegal,Sub-Saharan Africa,Africa,Absent,KPC_2,Absent
573.32158,SAMEA6815035,573.32158,GCA_903111615.1,NA,Senegal,Sub-Saharan Africa,Africa,Absent,KPC_2,Absent
573.32159,SAMEA6815034,573.32159,GCA_903110935.1,NA,Senegal,Sub-Saharan Africa,Africa,Absent,KPC_2,Absent
573.32164,SAMEA6815025,573.32164,GCA_903112085.1,NA,Senegal,Sub-Saharan Africa,Africa,Absent,KPC_2,Absent
573.32266,SAMN14262063,573.32266,NA,NA,Spain,Southern Europe,Europe,Absent,Absent,Absent
573.32307,SAMN15015463,573.32307,NA,2019,Portugal,Southern Europe,Europe,Absent,Absent,Absent
SAMEA2273576,SAMEA2273576,573.4066,GCF_900084905.1,2003,United Kingdom,Northern Europe,Europe,Absent,Absent,Absent
SAMEA2273615,SAMEA2273615,573.4083,GCF_900085095.1,2004,United Kingdom,Northern Europe,Europe,Absent,Absent,Absent
SAMEA2273614,SAMEA2273614,573.4084,GCF_900085105.1,2004,United Kingdom,Northern Europe,Europe,Absent,Absent,Absent
SAMEA2273616,SAMEA2273616,573.4085,GCF_900085115.1,2004,United Kingdom,Northern Europe,Europe,Absent,Absent,Absent
SAMEA2273622,SAMEA2273622,573.4088,GCF_900085145.1,2004,United Kingdom,Northern Europe,Europe,Absent,Absent,Absent
SAMEA2273856,SAMEA2273856,573.4152,GCF_900085785.1,2005,United Kingdom,Northern Europe,Europe,Absent,Absent,Absent
SAMEA2273543,SAMEA2273543,573.418,GCF_900086065.1,2002,United Kingdom,Northern Europe,Europe,Absent,Absent,Absent
SAMEA2273577,SAMEA2273577,573.4182,GCF_900086085.1,2003,United Kingdom,Northern Europe,Europe,Absent,Absent,Absent
SAMEA2273621,SAMEA2273621,573.4189,GCF_900086155.1,2004,United Kingdom,Northern Europe,Europe,Absent,Absent,Absent
SAMEA2273654,SAMEA2273654,573.4195,GCF_900086215.1,2005,United Kingdom,Northern Europe,Europe,Absent,Absent,Absent
SAMEA2273780,SAMEA2273780,573.4225,GCF_900086515.1,2009,Republic of Ireland,Northern Europe,Europe,Absent,Absent,Absent
SAMN04014881,SAMN04014881,573.7031,GCF_001875105.1,NA,NA,NA,NA,Absent,Absent,Absent
SAMEA2273671,SAMEA2273671,573.7055,GCF_900084235.1,2006,United Kingdom,Northern Europe,Europe,Absent,Absent,Absent
573.9766,SAMN06670982,573.9766,GCA_002108275.1,2013,Philippines,South-eastern Asia,Asia,Absent,Absent,Absent
573.9788,SAMN06187679,573.9788,GCA_002140135.1,2015,Tunisia,Northern Africa,Africa,NDM_1,Absent,Absent
72407.1098,SAMN08399056,72407.1098,GCA_003227055.1,2016,Italy,Southern Europe,Europe,Absent,KPC_2,Absent
SAMN11388461,SAMN11388461,72407.1265,GCA_004802955.1,NA,Egypt,Northern Africa,Africa,NDM_1,Absent,Absent
SAMN11388463,SAMN11388463,72407.1267,GCA_004803035.1,NA,Egypt,Northern Africa,Africa,NDM_1,Absent,Absent
SAMN11388465,SAMN11388465,72407.1271,GCA_004803225.1,NA,Egypt,Northern Africa,Africa,NDM_1,Absent,Absent
SAMN11388471,SAMN11388471,72407.1272,GCA_004803235.1,NA,Egypt,Northern Africa,Africa,NDM_1,Absent,Absent
SAMN11388469,SAMN11388469,72407.1276,GCA_004803395.1,NA,Egypt,Northern Africa,Africa,NDM_1,Absent,Absent
SAMN11399329,SAMN11399329,72407.1293,GCA_004830815.1,2016,Thailand,South-eastern Asia,Asia,NDM_1,Absent,Absent
SAMN11399470,SAMN11399470,72407.1336,GCA_004832395.1,2018,Thailand,South-eastern Asia,Asia,NDM_1,Absent,Absent
SAMN11399447,SAMN11399447,72407.1341,GCA_004832655.1,2017,Thailand,South-eastern Asia,Asia,Absent,Absent,Absent
SAMN11399446,SAMN11399446,72407.1342,GCA_004832665.1,2017,Thailand,South-eastern Asia,Asia,Absent,Absent,Absent
SAMN11399495,SAMN11399495,72407.1357,GCA_004833245.1,2017,Thailand,South-eastern Asia,Asia,NDM_1,Absent,Absent
SAMN11399451,SAMN11399451,72407.136,GCA_004833305.1,2016,Thailand,South-eastern Asia,Asia,NDM_1,Absent,Absent
SAMN11399445,SAMN11399445,72407.1363,GCA_004833625.1,2017,Thailand,South-eastern Asia,Asia,Absent,Absent,Absent
SAMN11399444,SAMN11399444,72407.1365,GCA_004833785.1,2017,Thailand,South-eastern Asia,Asia,Absent,Absent,Absent
SAMN11399496,SAMN11399496,72407.1366,GCA_004833805.1,2016,Thailand,South-eastern Asia,Asia,NDM_1,Absent,Absent
72407.1391,SAMN12228971,72407.1391,NA,2016,Greece,Southern Europe,Europe,Absent,Absent,Absent
72407.1392,SAMN12228970,72407.1392,NA,2016,Greece,Southern Europe,Europe,Absent,Absent,Absent
72407.1409,SAMN12885510,72407.1409,NA,2015,South Korea,Eastern Asia,Asia,Absent,Absent,Absent
SAMN07450702,SAMN07450702,72407.679,GCA_002248485.1,2016,Thailand,South-eastern Asia,Asia,Absent,Absent,Absent
SAMN07450690,SAMN07450690,72407.691,GCA_002249195.1,2016,Thailand,South-eastern Asia,Asia,Absent,Absent,Absent
SAMN07525385,SAMN07525385,573.12967,NA,NA,USA,Northern America,Americas,Absent,Absent,Absent
SAMN06438402,SAMN06438402,573.13364,NA,2014,USA,Northern America,Americas,Absent,Absent,Absent
SAMN06438655,SAMN06438655,573.13615,NA,2014,USA,Northern America,Americas,Absent,Absent,Absent
SAMN06438709,SAMN06438709,573.13668,NA,2014,USA,Northern America,Americas,Absent,Absent,Absent
SAMN06438720,SAMN06438720,573.13679,NA,2014,USA,Northern America,Americas,Absent,Absent,Absent
SAMN06438735,SAMN06438735,573.13697,NA,2014,USA,Northern America,Americas,Absent,Absent,Absent
SAMN06438808,SAMN06438808,573.13768,NA,2014,USA,Northern America,Americas,Absent,Absent,Absent
SAMN06438853,SAMN06438853,573.13809,NA,2015,USA,Northern America,Americas,Absent,Absent,Absent
SAMN06438858,SAMN06438858,573.13814,NA,2015,USA,Northern America,Americas,Absent,Absent,Absent
SAMN06438915,SAMN06438915,573.13868,NA,2015,USA,Northern America,Americas,Absent,Absent,Absent
SAMN06438918,SAMN06438918,573.13871,NA,2015,USA,Northern America,Americas,Absent,Absent,Absent
SAMN06438935,SAMN06438935,573.13888,NA,2015,USA,Northern America,Americas,Absent,Absent,Absent
SAMN06438936,SAMN06438936,573.13889,NA,2015,USA,Northern America,Americas,Absent,Absent,Absent
SAMN06438937,SAMN06438937,573.1389,NA,2015,USA,Northern America,Americas,Absent,Absent,Absent
SAMN06438959,SAMN06438959,573.13914,NA,2015,USA,Northern America,Americas,Absent,Absent,Absent
SAMN06438979,SAMN06438979,573.13932,NA,2015,USA,Northern America,Americas,Absent,Absent,Absent
SAMN06437323,SAMN06437323,573.14057,NA,2012,USA,Northern America,Americas,Absent,Absent,Absent
573.1419,SAMEA2602947,573.1419,GCF_000822185.1,NA,NA,NA,NA,Absent,Absent,Absent
573.1447,SAMEA2602975,573.1447,GCF_000822745.1,NA,NA,NA,NA,Absent,Absent,Absent
573.1449,SAMEA2602977,573.1449,GCF_000822785.1,NA,NA,NA,NA,Absent,Absent,Absent
573.27722,SAMEA5763086,573.27722000000006,GCA_902166845.1,2016,Spain,Southern Europe,Europe,Absent,Absent,Absent
573.27723,SAMEA5763087,573.27723,GCA_902166855.1,2016,Spain,Southern Europe,Europe,Absent,Absent,Absent
573.27726,SAMEA5763082,573.27726,GCA_902166885.1,2016,Spain,Southern Europe,Europe,Absent,Absent,Absent
REALM_CRE_164,NA,NA,NA,2018,NA,NA,NA,NDM_1,Absent,Present
REALM_CRE_165,NA,NA,NA,2016,NA,NA,NA,NDM_1,Absent,Present
REALM_CRE_180,NA,NA,NA,2016,NA,NA,NA,NDM_1,Absent,Present
REALM_CRE_212,NA,NA,NA,2017,NA,NA,NA,Absent,KPC_3,Absent
REALM_CRE_223,NA,NA,NA,2017,NA,NA,NA,NDM_1,Absent,Present
REALM_CRE_241,NA,NA,NA,2017,NA,NA,NA,Absent,KPC_3,Absent
REALM_CRE_248,NA,NA,NA,2017,NA,NA,NA,NDM_1,Absent,Present
REALM_CRE_262,NA,NA,NA,2017,NA,NA,NA,NDM_1,Absent,Present
REALM_CRE_266,NA,NA,NA,2018,NA,NA,NA,NDM_1,Absent,Present
REALM_CRE_267,NA,NA,NA,2018,NA,NA,NA,NDM_1,Absent,Present
REALM_CRE_270,NA,NA,NA,2017,NA,NA,NA,NDM_1,Absent,Present
REALM_CRE_271,NA,NA,NA,2018,NA,NA,NA,NDM_1,Absent,Present
REALM_CRE_272,NA,NA,NA,2018,NA,NA,NA,Absent,KPC_3,Absent
REALM_CRE_273,NA,NA,NA,2018,NA,NA,NA,NDM_1,Absent,Present
REALM_CRE_274,NA,NA,NA,2018,NA,NA,NA,NDM_1,Absent,Present
REALM_CRE_281,NA,NA,NA,2018,NA,NA,NA,NDM_1,Absent,Present
REALM_CRE_284,NA,NA,NA,2017,NA,NA,NA,NDM_1,Absent,Present
REALM_CRE_286,NA,NA,NA,2018,NA,NA,NA,NDM_1,Absent,Present
REALM_CRE_287,NA,NA,NA,2018,NA,NA,NA,NDM_1,Absent,Present
REALM_CRE_289,NA,NA,NA,2018,NA,NA,NA,NDM_1,Absent,Present
REALM_CRE_293,NA,NA,NA,2018,NA,NA,NA,NDM_1,Absent,Present
REALM_CRE_295,NA,NA,NA,2018,NA,NA,NA,NDM_1,Absent,Present
REALM_CRE_303,NA,NA,NA,2018,NA,NA,NA,NDM_1,Absent,Present
REALM_CRE_304,NA,NA,NA,2018,NA,NA,NA,NDM_1,Absent,Present
REALM_CRE_308,NA,NA,NA,2018,NA,NA,NA,NDM_1,Absent,Present
REALM_CRE_310,NA,NA,NA,2018,NA,NA,NA,NDM_1,Absent,Present
REALM_CRE_315,NA,NA,NA,2017,NA,NA,NA,NDM_1,Absent,Present
REALM_CRE_316,NA,NA,NA,2018,NA,NA,NA,NDM_1,Absent,Present
REALM_CRE_317,NA,NA,NA,2018,NA,NA,NA,NDM_1,Absent,Present
REALM_CRE_318,NA,NA,NA,2018,NA,NA,NA,Absent,Absent,Present
REALM_CRE_320,NA,NA,NA,2018,NA,NA,NA,NDM_1,Absent,Present
REALM_CRE_326,NA,NA,NA,2018,NA,NA,NA,NDM_1,Absent,Present
REALM_CRE_327,NA,NA,NA,2018,NA,NA,NA,NDM_1,KPC_3,Present
REALM_CRE_330,NA,NA,NA,2018,NA,NA,NA,Absent,KPC_3,Present
REALM_CRE_331,NA,NA,NA,2018,NA,NA,NA,NDM_1,Absent,Present
REALM_CRE_336,NA,NA,NA,2018,NA,NA,NA,NDM_1,Absent,Present
REALM_CRE_339,NA,NA,NA,2018,NA,NA,NA,NDM_1,Absent,Present
REALM_CRE_341,NA,NA,NA,2018,NA,NA,NA,NDM_1,Absent,Present
REALM_CRE_342,NA,NA,NA,2018,NA,NA,NA,NDM_1,Absent,Present
REALM_CRE_346,NA,NA,NA,2018,NA,NA,NA,NDM_1,Absent,Present
REALM_CRE_349,NA,NA,NA,2018,NA,NA,NA,NDM_1,Absent,Present
REALM_CRE_350,NA,NA,NA,2018,NA,NA,NA,NDM_1,Absent,Present
REALM_CRE_352,NA,NA,NA,2018,NA,NA,NA,NDM_1,Absent,Present
REALM_CRE_353,NA,NA,NA,2018,NA,NA,NA,NDM_1,Absent,Present
REALM_CRE_358,NA,NA,NA,2018,NA,NA,NA,NDM_1,Absent,Present
REALM_CRE_365,NA,NA,NA,2018,NA,NA,NA,NDM_1,Absent,Present
REALM_CRE_369,NA,NA,NA,2019,NA,NA,NA,NDM_1,Absent,Present
REALM_CRE_371,NA,NA,NA,2018,NA,NA,NA,NDM_1,Absent,Present
REALM_CRE_373,NA,NA,NA,2018,NA,NA,NA,NDM_1,Absent,Present
REALM_CRE_374,NA,NA,NA,2018,NA,NA,NA,NDM_1,Absent,Present
REALM_CRE_378,NA,NA,NA,2018,NA,NA,NA,NDM_1,Absent,Present
REALM_CRE_383,NA,NA,NA,2018,NA,NA,NA,NDM_1,Absent,Present
REALM_CRE_384,NA,NA,NA,2019,NA,NA,NA,NDM_1,Absent,Present
REALM_CRE_386,NA,NA,NA,2018,NA,NA,NA,Absent,KPC_3,Present
REALM_CRE_388,NA,NA,NA,2018,NA,NA,NA,NDM_1,Absent,Present
REALM_CRE_392,NA,NA,NA,2019,NA,NA,NA,NDM_1,Absent,Present
REALM_CRE_393,NA,NA,NA,2019,NA,NA,NA,NDM_1,Absent,Present
REALM_CRE_395,NA,NA,NA,2018,NA,NA,NA,NDM_1,Absent,Present
REALM_CRE_397,NA,NA,NA,2018,NA,NA,NA,NDM_1,Absent,Present
REALM_CRE_404,NA,NA,NA,2018,NA,NA,NA,NDM_1,Absent,Present
REALM_CRE_405,NA,NA,NA,2018,NA,NA,NA,NDM_1,Absent,Present
REALM_CRE_408,NA,NA,NA,2019,NA,NA,NA,NDM_1,Absent,Present
REALM_CRE_410,NA,NA,NA,2018,NA,NA,NA,NDM_1,Absent,Present
REALM_CRE_411,NA,NA,NA,2018,NA,NA,NA,NDM_1,Absent,Present
REALM_CRE_412,NA,NA,NA,2018,NA,NA,NA,NDM_1,Absent,Present
REALM_CRE_414,NA,NA,NA,2018,NA,NA,NA,NDM_1,KPC_3,Present
REALM_CRE_415,NA,NA,NA,2019,NA,NA,NA,NDM_1,Absent,Present
REALM_CRE_419,NA,NA,NA,2018,NA,NA,NA,NDM_1,Absent,Present
REALM_CRE_420,NA,NA,NA,2018,NA,NA,NA,NDM_1,Absent,Present
REALM_CRE_431,NA,NA,NA,2019,NA,NA,NA,NDM_1,Absent,Present
REALM_CRE_433,NA,NA,NA,2018,NA,NA,NA,NDM_1,Absent,Present
REALM_CRE_434,NA,NA,NA,2018,NA,NA,NA,NDM_1,KPC_3,Present
REALM_CRE_435,NA,NA,NA,2018,NA,NA,NA,NDM_1,Absent,Present
REALM_CRE_437,NA,NA,NA,2018,NA,NA,NA,NDM_1,Absent,Present
REALM_CRE_438,NA,NA,NA,2019,NA,NA,NA,NDM_1,Absent,Present
REALM_CRE_439,NA,NA,NA,2019,NA,NA,NA,NDM_1,Absent,Present
REALM_CRE_444,NA,NA,NA,2018,NA,NA,NA,NDM_1,Absent,Present
REALM_CRE_450,NA,NA,NA,2019,NA,NA,NA,NDM_1,Absent,Present
REALM_CRE_451,NA,NA,NA,2019,NA,NA,NA,NDM_1,Absent,Present
REALM_CRE_452,NA,NA,NA,2019,NA,NA,NA,NDM_1,Absent,Present
REALM_CRE_453,NA,NA,NA,2019,NA,NA,NA,NDM_1,Absent,Present
REALM_CRE_454,NA,NA,NA,2019,NA,NA,NA,NDM_1,KPC_3,Present
REALM_CRE_456,NA,NA,NA,2019,NA,NA,NA,NDM_1,Absent,Present
REALM_CRE_457,NA,NA,NA,2019,NA,NA,NA,NDM_1,Absent,Present
REALM_CRE_466,NA,NA,NA,2019,NA,NA,NA,NDM_1,Absent,Present
REALM_CRE_467,NA,NA,NA,2019,NA,NA,NA,NDM_1,Absent,Present
REALM_CRE_471,NA,NA,NA,2019,NA,NA,NA,NDM_1,Absent,Present
REALM_CRE_473,NA,NA,NA,2019,NA,NA,NA,NDM_1,Absent,Present
REALM_CRE_475,NA,NA,NA,2019,NA,NA,NA,NDM_1,Absent,Present
REALM_CRE_477,NA,NA,NA,2019,NA,NA,NA,NDM_1,Absent,Present
REALM_CRE_479,NA,NA,NA,2019,NA,NA,NA,NDM_1,Absent,Present
REALM_CRE_480,NA,NA,NA,2019,NA,NA,NA,NDM_1,Absent,Present
REALM_CRE_482,NA,NA,NA,2019,NA,NA,NA,NDM_1,Absent,Present
REALM_CRE_488,NA,NA,NA,2019,NA,NA,NA,NDM_1,Absent,Present
REALM_CRE_489,NA,NA,NA,2019,NA,NA,NA,NDM_1,Absent,Present
REALM_CRE_490,NA,NA,NA,2019,NA,NA,NA,NDM_1,Absent,Present
REALM_CRE_492,NA,NA,NA,2019,NA,NA,NA,NDM_1,Absent,Present
REALM_CRE_494,NA,NA,NA,2019,NA,NA,NA,NDM_1,Absent,Present
REALM_CRE_495,NA,NA,NA,2019,NA,NA,NA,NDM_1,Absent,Present
REALM_CRE_496,NA,NA,NA,2019,NA,NA,NA,NDM_1,Absent,Present
REALM_CRE_498,NA,NA,NA,2019,NA,NA,NA,NDM_1,Absent,Present
REALM_CRE_499,NA,NA,NA,2019,NA,NA,NA,NDM_1,Absent,Present
REALM_CRE_500,NA,NA,NA,2019,NA,NA,NA,NDM_1,Absent,Present
REALM_CRE_506,NA,NA,NA,2019,NA,NA,NA,NDM_1,Absent,Present
REALM_CRE_512,NA,NA,NA,2019,NA,NA,NA,NDM_1,Absent,Present
REALM_CRE_513,NA,NA,NA,2019,NA,NA,NA,NDM_1,Absent,Present
REALM_CRE_514,NA,NA,NA,2019,NA,NA,NA,NDM_1,Absent,Present
REALM_CRE_515,NA,NA,NA,2019,NA,NA,NA,NDM_1,Absent,Present
REALM_CRE_517,NA,NA,NA,2019,NA,NA,NA,NDM_1,Absent,Present
REALM_CRE_519,NA,NA,NA,2019,NA,NA,NA,NDM_1,Absent,Present
REALM_CRE_520,NA,NA,NA,2019,NA,NA,NA,NDM_1,Absent,Present
REALM_CRE_521,NA,NA,NA,2019,NA,NA,NA,NDM_1,Absent,Present
REALM_CRE_523,NA,NA,NA,2019,NA,NA,NA,NDM_1,Absent,Present
REALM_CRE_528,NA,NA,NA,2019,NA,NA,NA,NDM_1,Absent,Present
REALM_CRE_530,NA,NA,NA,2019,NA,NA,NA,NDM_1,Absent,Present
REALM_CRE_535,NA,NA,NA,2019,NA,NA,NA,NDM_1,Absent,Present
REALM_CRE_537,NA,NA,NA,2019,NA,NA,NA,NDM_1,Absent,Present
REALM_CRE_539,NA,NA,NA,2019,NA,NA,NA,NDM_1,Absent,Present
REALM_CRE_57,NA,NA,NA,2016,NA,NA,NA,NDM_1,Absent,Present
REALM_CRE_100,NA,NA,NA,NA,NA,NA,NA,Absent,KPC_3,Absent
REALM_CRE_101,NA,NA,NA,NA,NA,NA,NA,Absent,KPC_3,Absent
REALM_CRE_102,NA,NA,NA,NA,NA,NA,NA,Absent,KPC_3,Absent
REALM_CRE_103,NA,NA,NA,NA,NA,NA,NA,Absent,KPC_3,Absent
REALM_CRE_105,NA,NA,NA,NA,NA,NA,NA,Absent,KPC_3,Absent
REALM_CRE_106,NA,NA,NA,NA,NA,NA,NA,Absent,KPC_3,Absent
REALM_CRE_107,NA,NA,NA,NA,NA,NA,NA,Absent,KPC_2,Absent
REALM_CRE_10,NA,NA,NA,NA,NA,NA,NA,Absent,KPC_3,Absent
REALM_CRE_110,NA,NA,NA,NA,NA,NA,NA,Absent,KPC_3,Absent
REALM_CRE_114,NA,NA,NA,NA,NA,NA,NA,Absent,KPC_3,Absent
REALM_CRE_116,NA,NA,NA,NA,NA,NA,NA,Absent,KPC_3,Absent
REALM_CRE_117,NA,NA,NA,NA,NA,NA,NA,Absent,KPC_3,Absent
REALM_CRE_119,NA,NA,NA,NA,NA,NA,NA,Absent,KPC_3,Absent
REALM_CRE_11,NA,NA,NA,NA,NA,NA,NA,Absent,KPC_3,Absent
REALM_CRE_121,NA,NA,NA,NA,NA,NA,NA,Absent,KPC_3,Absent
REALM_CRE_122,NA,NA,NA,NA,NA,NA,NA,Absent,KPC_3,Absent
REALM_CRE_123,NA,NA,NA,NA,NA,NA,NA,Absent,KPC_3,Absent
REALM_CRE_124,NA,NA,NA,NA,NA,NA,NA,Absent,KPC_3,Absent
REALM_CRE_125,NA,NA,NA,NA,NA,NA,NA,Absent,KPC_3,Absent
REALM_CRE_127,NA,NA,NA,NA,NA,NA,NA,Absent,KPC_3,Absent
REALM_CRE_12,NA,NA,NA,NA,NA,NA,NA,Absent,KPC_3,Absent
REALM_CRE_132,NA,NA,NA,NA,NA,NA,NA,Absent,KPC_3,Present
REALM_CRE_133,NA,NA,NA,NA,NA,NA,NA,Absent,KPC_3,Absent
REALM_CRE_134,NA,NA,NA,NA,NA,NA,NA,Absent,KPC_3,Absent
REALM_CRE_135,NA,NA,NA,NA,NA,NA,NA,Absent,KPC_3,Absent
REALM_CRE_136,NA,NA,NA,NA,NA,NA,NA,Absent,KPC_3,Absent
REALM_CRE_13,NA,NA,NA,NA,NA,NA,NA,Absent,KPC_3,Absent
REALM_CRE_140,NA,NA,NA,NA,NA,NA,NA,Absent,KPC_3,Absent
REALM_CRE_142,NA,NA,NA,NA,NA,NA,NA,Absent,KPC_3,Absent
REALM_CRE_143,NA,NA,NA,NA,NA,NA,NA,Absent,KPC_3,Absent
REALM_CRE_144,NA,NA,NA,NA,NA,NA,NA,Absent,KPC_3,Absent
REALM_CRE_145,NA,NA,NA,NA,NA,NA,NA,Absent,KPC_3,Present
REALM_CRE_148,NA,NA,NA,NA,NA,NA,NA,Absent,KPC_3,Absent
REALM_CRE_149,NA,NA,NA,NA,NA,NA,NA,Absent,KPC_3,Absent
REALM_CRE_14,NA,NA,NA,NA,NA,NA,NA,Absent,KPC_3,Absent
REALM_CRE_150,NA,NA,NA,NA,NA,NA,NA,Absent,KPC_3,Absent
REALM_CRE_153,NA,NA,NA,NA,NA,NA,NA,Absent,KPC_3,Absent
REALM_CRE_154,NA,NA,NA,NA,NA,NA,NA,Absent,KPC_3,Absent
REALM_CRE_155,NA,NA,NA,NA,NA,NA,NA,Absent,KPC_3,Absent
REALM_CRE_156,NA,NA,NA,NA,NA,NA,NA,Absent,KPC_3,Absent
REALM_CRE_158,NA,NA,NA,NA,NA,NA,NA,Absent,KPC_3,Absent
REALM_CRE_159,NA,NA,NA,NA,NA,NA,NA,Absent,KPC_3,Absent
REALM_CRE_15,NA,NA,NA,NA,NA,NA,NA,Absent,KPC_3,Absent
REALM_CRE_160,NA,NA,NA,NA,NA,NA,NA,Absent,Absent,Absent
REALM_CRE_161,NA,NA,NA,NA,NA,NA,NA,Absent,KPC_3,Absent
REALM_CRE_162,NA,NA,NA,NA,NA,NA,NA,Absent,KPC_3,Absent
REALM_CRE_163,NA,NA,NA,NA,NA,NA,NA,Absent,KPC_2,Absent
REALM_CRE_166,NA,NA,NA,NA,NA,NA,NA,Absent,KPC_3,Absent
REALM_CRE_167,NA,NA,NA,NA,NA,NA,NA,Absent,KPC_3,Absent
REALM_CRE_168,NA,NA,NA,NA,NA,NA,NA,Absent,KPC_3,Absent
REALM_CRE_169,NA,NA,NA,NA,NA,NA,NA,Absent,KPC_3,Absent
REALM_CRE_16,NA,NA,NA,NA,NA,NA,NA,Absent,KPC_3,Absent
REALM_CRE_171,NA,NA,NA,NA,NA,NA,NA,Absent,KPC_3,Present
REALM_CRE_173,NA,NA,NA,NA,NA,NA,NA,Absent,KPC_3,Absent
REALM_CRE_175,NA,NA,NA,NA,NA,NA,NA,Absent,KPC_3,Absent
REALM_CRE_176,NA,NA,NA,NA,NA,NA,NA,Absent,KPC_3,Absent
REALM_CRE_177,NA,NA,NA,NA,NA,NA,NA,Absent,KPC_3,Absent
REALM_CRE_178,NA,NA,NA,NA,NA,NA,NA,Absent,KPC_3,Absent
REALM_CRE_179,NA,NA,NA,NA,NA,NA,NA,Absent,Absent,Absent
REALM_CRE_183,NA,NA,NA,NA,NA,NA,NA,Absent,KPC_3,Absent
REALM_CRE_184,NA,NA,NA,NA,NA,NA,NA,Absent,KPC_3,Absent
REALM_CRE_185,NA,NA,NA,NA,NA,NA,NA,Absent,KPC_2,Absent
REALM_CRE_187,NA,NA,NA,NA,NA,NA,NA,Absent,KPC_3,Absent
REALM_CRE_188,NA,NA,NA,NA,NA,NA,NA,Absent,KPC_3,Absent
REALM_CRE_189,NA,NA,NA,NA,NA,NA,NA,Absent,KPC_3,Absent
REALM_CRE_190,NA,NA,NA,NA,NA,NA,NA,Absent,KPC_2,Absent
REALM_CRE_191,NA,NA,NA,NA,NA,NA,NA,Absent,KPC_3,Absent
REALM_CRE_192,NA,NA,NA,NA,NA,NA,NA,Absent,KPC_3,Absent
REALM_CRE_194,NA,NA,NA,NA,NA,NA,NA,Absent,KPC_3,Absent
REALM_CRE_195,NA,NA,NA,NA,NA,NA,NA,Absent,KPC_3,Present
REALM_CRE_196,NA,NA,NA,NA,NA,NA,NA,Absent,KPC_3,Absent
REALM_CRE_198,NA,NA,NA,NA,NA,NA,NA,Absent,KPC_2,Absent
REALM_CRE_199,NA,NA,NA,NA,NA,NA,NA,Absent,KPC_3,Absent
REALM_CRE_19,NA,NA,NA,NA,NA,NA,NA,Absent,KPC_3,Absent
REALM_CRE_200,NA,NA,NA,NA,NA,NA,NA,Absent,KPC_3,Absent
REALM_CRE_201,NA,NA,NA,NA,NA,NA,NA,Absent,KPC_3,Absent
REALM_CRE_202,NA,NA,NA,NA,NA,NA,NA,Absent,KPC_3,Absent
REALM_CRE_203,NA,NA,NA,NA,NA,NA,NA,Absent,KPC_3,Absent
REALM_CRE_204,NA,NA,NA,NA,NA,NA,NA,Absent,KPC_3,Absent
REALM_CRE_205,NA,NA,NA,NA,NA,NA,NA,Absent,KPC_3,Absent
REALM_CRE_206,NA,NA,NA,NA,NA,NA,NA,Absent,KPC_3,Absent
REALM_CRE_207,NA,NA,NA,NA,NA,NA,NA,Absent,KPC_3,Absent
REALM_CRE_208,NA,NA,NA,NA,NA,NA,NA,Absent,KPC_3,Absent
REALM_CRE_20,NA,NA,NA,NA,NA,NA,NA,Absent,KPC_3,Absent
REALM_CRE_211,NA,NA,NA,NA,NA,NA,NA,Absent,KPC_3,Absent
REALM_CRE_214,NA,NA,NA,NA,NA,NA,NA,Absent,KPC_3,Absent
REALM_CRE_215,NA,NA,NA,NA,NA,NA,NA,Absent,KPC_3,Absent
REALM_CRE_216,NA,NA,NA,NA,NA,NA,NA,Absent,KPC_3,Absent
REALM_CRE_217,NA,NA,NA,NA,NA,NA,NA,Absent,KPC_3,Absent
REALM_CRE_218,NA,NA,NA,NA,NA,NA,NA,Absent,KPC_3,Absent
REALM_CRE_21,NA,NA,NA,NA,NA,NA,NA,Absent,KPC_3,Present
REALM_CRE_221,NA,NA,NA,NA,NA,NA,NA,Absent,KPC_3,Present
REALM_CRE_225,NA,NA,NA,NA,NA,NA,NA,Absent,KPC_3,Absent
REALM_CRE_226,NA,NA,NA,NA,NA,NA,NA,Absent,KPC_2,Absent
REALM_CRE_228,NA,NA,NA,NA,NA,NA,NA,Absent,KPC_3,Absent
REALM_CRE_229,NA,NA,NA,NA,NA,NA,NA,Absent,KPC_3,Absent
REALM_CRE_22,NA,NA,NA,NA,NA,NA,NA,Absent,KPC_3,Absent
REALM_CRE_230,NA,NA,NA,NA,NA,NA,NA,Absent,KPC_3,Absent
REALM_CRE_231,NA,NA,NA,NA,NA,NA,NA,Absent,KPC_3,Absent
REALM_CRE_233,NA,NA,NA,NA,NA,NA,NA,Absent,KPC_3,Absent
REALM_CRE_234,NA,NA,NA,NA,NA,NA,NA,Absent,KPC_3,Absent
REALM_CRE_235,NA,NA,NA,NA,NA,NA,NA,Absent,KPC_3,Absent
REALM_CRE_236,NA,NA,NA,NA,NA,NA,NA,Absent,KPC_3,Absent
REALM_CRE_237,NA,NA,NA,NA,NA,NA,NA,Absent,KPC_3,Absent
REALM_CRE_238,NA,NA,NA,NA,NA,NA,NA,Absent,KPC_3,Absent
REALM_CRE_239,NA,NA,NA,NA,NA,NA,NA,Absent,KPC_3,Absent
REALM_CRE_23,NA,NA,NA,NA,NA,NA,NA,Absent,KPC_3,Absent
REALM_CRE_242,NA,NA,NA,NA,NA,NA,NA,Absent,KPC_3,Absent
REALM_CRE_243,NA,NA,NA,NA,NA,NA,NA,Absent,KPC_3,Absent
REALM_CRE_245,NA,NA,NA,NA,NA,NA,NA,Absent,KPC_3,Absent
REALM_CRE_247,NA,NA,NA,NA,NA,NA,NA,Absent,KPC_3,Absent
REALM_CRE_24,NA,NA,NA,NA,NA,NA,NA,Absent,KPC_3,Absent
REALM_CRE_250,NA,NA,NA,NA,NA,NA,NA,Absent,KPC_3,Absent
REALM_CRE_251,NA,NA,NA,NA,NA,NA,NA,Absent,Absent,Absent
REALM_CRE_255,NA,NA,NA,NA,NA,NA,NA,Absent,KPC_3,Absent
REALM_CRE_256,NA,NA,NA,NA,NA,NA,NA,Absent,KPC_3,Absent
REALM_CRE_257,NA,NA,NA,NA,NA,NA,NA,Absent,KPC_3,Absent
REALM_CRE_258,NA,NA,NA,NA,NA,NA,NA,Absent,KPC_3,Absent
REALM_CRE_259,NA,NA,NA,NA,NA,NA,NA,Absent,KPC_2,Absent
REALM_CRE_25,NA,NA,NA,NA,NA,NA,NA,Absent,KPC_3,Absent
REALM_CRE_263,NA,NA,NA,NA,NA,NA,NA,Absent,KPC_3,Absent
REALM_CRE_265,NA,NA,NA,NA,NA,NA,NA,Absent,Absent,Absent
REALM_CRE_268,NA,NA,NA,NA,NA,NA,NA,Absent,Absent,Absent
REALM_CRE_26,NA,NA,NA,NA,NA,NA,NA,Absent,KPC_3,Absent
REALM_CRE_275,NA,NA,NA,NA,NA,NA,NA,Absent,Absent,Absent
REALM_CRE_277,NA,NA,NA,NA,NA,NA,NA,NDM_1,Absent,Present
REALM_CRE_278,NA,NA,NA,NA,NA,NA,NA,Absent,KPC_3,Absent
REALM_CRE_27,NA,NA,NA,NA,NA,NA,NA,Absent,KPC_3,Absent
REALM_CRE_282,NA,NA,NA,NA,NA,NA,NA,Absent,KPC_3,Absent
REALM_CRE_28,NA,NA,NA,NA,NA,NA,NA,Absent,KPC_3,Absent
REALM_CRE_290,NA,NA,NA,NA,NA,NA,NA,Absent,KPC_3,Absent
REALM_CRE_296,NA,NA,NA,NA,NA,NA,NA,Absent,Absent,Absent
REALM_CRE_298,NA,NA,NA,NA,NA,NA,NA,Absent,KPC_3,Absent
REALM_CRE_299,NA,NA,NA,NA,NA,NA,NA,Absent,Absent,Absent
REALM_CRE_29,NA,NA,NA,NA,NA,NA,NA,Absent,KPC_3,Absent
REALM_CRE_302,NA,NA,NA,NA,NA,NA,NA,Absent,KPC_3,Absent
REALM_CRE_305,NA,NA,NA,NA,NA,NA,NA,Absent,KPC_3,Absent
REALM_CRE_306,NA,NA,NA,NA,NA,NA,NA,Absent,KPC_3,Absent
REALM_CRE_309,NA,NA,NA,NA,NA,NA,NA,Absent,Absent,Present
REALM_CRE_30,NA,NA,NA,NA,NA,NA,NA,Absent,KPC_3,Absent
REALM_CRE_313,NA,NA,NA,NA,NA,NA,NA,Absent,KPC_3,Absent
REALM_CRE_31,NA,NA,NA,NA,NA,NA,NA,Absent,KPC_3,Absent
REALM_CRE_322,NA,NA,NA,NA,NA,NA,NA,Absent,KPC_3,Absent
REALM_CRE_328,NA,NA,NA,NA,NA,NA,NA,NDM_1,Absent,Present
REALM_CRE_329,NA,NA,NA,NA,NA,NA,NA,Absent,KPC_3,Absent
REALM_CRE_32,NA,NA,NA,NA,NA,NA,NA,Absent,KPC_3,Absent
REALM_CRE_332,NA,NA,NA,NA,NA,NA,NA,Absent,KPC_3,Absent
REALM_CRE_333,NA,NA,NA,NA,NA,NA,NA,Absent,KPC_3,Absent
REALM_CRE_335,NA,NA,NA,NA,NA,NA,NA,Absent,KPC_3,Absent
REALM_CRE_344,NA,NA,NA,NA,NA,NA,NA,NDM_1,Absent,Present
REALM_CRE_34,NA,NA,NA,NA,NA,NA,NA,Absent,KPC_3,Absent
REALM_CRE_354,NA,NA,NA,NA,NA,NA,NA,Absent,KPC_3,Absent
REALM_CRE_355,NA,NA,NA,NA,NA,NA,NA,Absent,Absent,Absent
REALM_CRE_356,NA,NA,NA,NA,NA,NA,NA,NDM_1,Absent,Present
REALM_CRE_35,NA,NA,NA,NA,NA,NA,NA,Absent,KPC_3,Absent
REALM_CRE_360,NA,NA,NA,NA,NA,NA,NA,Absent,KPC_3,Absent
REALM_CRE_361,NA,NA,NA,NA,NA,NA,NA,Absent,KPC_3,Absent
REALM_CRE_362,NA,NA,NA,NA,NA,NA,NA,Absent,KPC_3,Absent
REALM_CRE_363,NA,NA,NA,NA,NA,NA,NA,Absent,KPC_3,Absent
REALM_CRE_36,NA,NA,NA,NA,NA,NA,NA,Absent,KPC_3,Absent
REALM_CRE_370,NA,NA,NA,NA,NA,NA,NA,Absent,Absent,Absent
REALM_CRE_377,NA,NA,NA,NA,NA,NA,NA,Absent,KPC_3,Absent
REALM_CRE_379,NA,NA,NA,NA,NA,NA,NA,NDM_1,Absent,Present
REALM_CRE_37,NA,NA,NA,NA,NA,NA,NA,Absent,KPC_3,Absent
REALM_CRE_380,NA,NA,NA,NA,NA,NA,NA,Absent,KPC_3,Absent
REALM_CRE_381,NA,NA,NA,NA,NA,NA,NA,NDM_1,Absent,Present
REALM_CRE_382,NA,NA,NA,NA,NA,NA,NA,NDM_1,Absent,Absent
REALM_CRE_389,NA,NA,NA,NA,NA,NA,NA,NDM_1,Absent,Present
REALM_CRE_38,NA,NA,NA,NA,NA,NA,NA,Absent,KPC_3,Absent
REALM_CRE_394,NA,NA,NA,NA,NA,NA,NA,NDM_1,Absent,Present
REALM_CRE_396,NA,NA,NA,NA,NA,NA,NA,Absent,KPC_3,Absent
REALM_CRE_398,NA,NA,NA,NA,NA,NA,NA,Absent,KPC_3,Absent
REALM_CRE_39,NA,NA,NA,NA,NA,NA,NA,Absent,KPC_3,Absent
REALM_CRE_400,NA,NA,NA,NA,NA,NA,NA,NDM_1,Absent,Present
REALM_CRE_401,NA,NA,NA,NA,NA,NA,NA,Absent,KPC_3,Absent
REALM_CRE_403,NA,NA,NA,NA,NA,NA,NA,NDM_1,Absent,Present
REALM_CRE_406,NA,NA,NA,NA,NA,NA,NA,Absent,KPC_3,Absent
REALM_CRE_407,NA,NA,NA,NA,NA,NA,NA,Absent,KPC_3,Absent
REALM_CRE_40,NA,NA,NA,NA,NA,NA,NA,Absent,KPC_3,Absent
REALM_CRE_417,NA,NA,NA,NA,NA,NA,NA,Absent,KPC_3,Present
REALM_CRE_41,NA,NA,NA,NA,NA,NA,NA,Absent,KPC_3,Absent
REALM_CRE_421,NA,NA,NA,NA,NA,NA,NA,Absent,KPC_3,Absent
REALM_CRE_422,NA,NA,NA,NA,NA,NA,NA,Absent,KPC_3,Absent
REALM_CRE_424,NA,NA,NA,NA,NA,NA,NA,Absent,KPC_3,Absent
REALM_CRE_426,NA,NA,NA,NA,NA,NA,NA,Absent,KPC_3,Absent
REALM_CRE_428,NA,NA,NA,NA,NA,NA,NA,Absent,KPC_3,Absent
REALM_CRE_429,NA,NA,NA,NA,NA,NA,NA,Absent,KPC_3,Absent
REALM_CRE_42,NA,NA,NA,NA,NA,NA,NA,Absent,KPC_3,Absent
REALM_CRE_430,NA,NA,NA,NA,NA,NA,NA,Absent,KPC_3,Absent
REALM_CRE_432,NA,NA,NA,NA,NA,NA,NA,NDM_1,Absent,Present
REALM_CRE_43,NA,NA,NA,NA,NA,NA,NA,Absent,KPC_2,Absent
REALM_CRE_440,NA,NA,NA,NA,NA,NA,NA,NDM_1,Absent,Present
REALM_CRE_441,NA,NA,NA,NA,NA,NA,NA,Absent,KPC_3,Absent
REALM_CRE_443,NA,NA,NA,NA,NA,NA,NA,Absent,KPC_3,Absent
REALM_CRE_446,NA,NA,NA,NA,NA,NA,NA,Absent,KPC_3,Absent
REALM_CRE_448,NA,NA,NA,NA,NA,NA,NA,Absent,KPC_3,Absent
REALM_CRE_449,NA,NA,NA,NA,NA,NA,NA,NDM_7,Absent,Absent
REALM_CRE_44,NA,NA,NA,NA,NA,NA,NA,Absent,KPC_3,Absent
REALM_CRE_455,NA,NA,NA,NA,NA,NA,NA,NDM_1,Absent,Present
REALM_CRE_458,NA,NA,NA,NA,NA,NA,NA,Absent,KPC_3,Absent
REALM_CRE_459,NA,NA,NA,NA,NA,NA,NA,NDM_1,Absent,Present
REALM_CRE_45,NA,NA,NA,NA,NA,NA,NA,Absent,KPC_3,Absent
REALM_CRE_460,NA,NA,NA,NA,NA,NA,NA,Absent,KPC_3,Absent
REALM_CRE_463,NA,NA,NA,NA,NA,NA,NA,NDM_1,Absent,Present
REALM_CRE_465,NA,NA,NA,NA,NA,NA,NA,Absent,KPC_3,Absent
REALM_CRE_468,NA,NA,NA,NA,NA,NA,NA,Absent,KPC_3,Absent
REALM_CRE_470,NA,NA,NA,NA,NA,NA,NA,Absent,KPC_3,Absent
REALM_CRE_472,NA,NA,NA,NA,NA,NA,NA,Absent,KPC_3,Absent
REALM_CRE_476,NA,NA,NA,NA,NA,NA,NA,Absent,Absent,Absent
REALM_CRE_478,NA,NA,NA,NA,NA,NA,NA,Absent,KPC_3,Absent
REALM_CRE_47,NA,NA,NA,NA,NA,NA,NA,Absent,KPC_3,Absent
REALM_CRE_481,NA,NA,NA,NA,NA,NA,NA,Absent,KPC_3,Absent
REALM_CRE_484,NA,NA,NA,NA,NA,NA,NA,Absent,KPC_3,Present
REALM_CRE_485,NA,NA,NA,NA,NA,NA,NA,Absent,KPC_3,Present
REALM_CRE_486,NA,NA,NA,NA,NA,NA,NA,Absent,KPC_3,Absent
REALM_CRE_48,NA,NA,NA,NA,NA,NA,NA,Absent,KPC_3,Present
REALM_CRE_491,NA,NA,NA,NA,NA,NA,NA,Absent,KPC_3,Present
REALM_CRE_493,NA,NA,NA,NA,NA,NA,NA,Absent,KPC_3,Absent
REALM_CRE_49,NA,NA,NA,NA,NA,NA,NA,Absent,KPC_3,Absent
REALM_CRE_501,NA,NA,NA,NA,NA,NA,NA,Absent,KPC_3,Absent
REALM_CRE_503,NA,NA,NA,NA,NA,NA,NA,Absent,KPC_3,Absent
REALM_CRE_507,NA,NA,NA,NA,NA,NA,NA,Absent,Absent,Absent
REALM_CRE_509,NA,NA,NA,NA,NA,NA,NA,Absent,KPC_3,Present
REALM_CRE_50,NA,NA,NA,NA,NA,NA,NA,Absent,KPC_3,Absent
REALM_CRE_511,NA,NA,NA,NA,NA,NA,NA,Absent,KPC_3,Absent
REALM_CRE_516,NA,NA,NA,NA,NA,NA,NA,Absent,KPC_3,Absent
REALM_CRE_518,NA,NA,NA,NA,NA,NA,NA,NDM_1,Absent,Absent
REALM_CRE_51,NA,NA,NA,NA,NA,NA,NA,Absent,KPC_3,Absent
REALM_CRE_524,NA,NA,NA,NA,NA,NA,NA,Absent,Absent,Absent
REALM_CRE_526,NA,NA,NA,NA,NA,NA,NA,Absent,KPC_3,Absent
REALM_CRE_527,NA,NA,NA,NA,NA,NA,NA,Absent,KPC_3,Absent
REALM_CRE_529,NA,NA,NA,NA,NA,NA,NA,Absent,KPC_3,Absent
REALM_CRE_52,NA,NA,NA,NA,NA,NA,NA,Absent,KPC_3,Absent
REALM_CRE_532,NA,NA,NA,NA,NA,NA,NA,Absent,KPC_3,Absent
REALM_CRE_533,NA,NA,NA,NA,NA,NA,NA,Absent,KPC_3,Absent
REALM_CRE_53,NA,NA,NA,NA,NA,NA,NA,Absent,KPC_3,Absent
REALM_CRE_540,NA,NA,NA,NA,NA,NA,NA,Absent,KPC_3,Absent
REALM_CRE_54,NA,NA,NA,NA,NA,NA,NA,Absent,KPC_3,Absent
REALM_CRE_566,NA,NA,NA,NA,NA,NA,NA,Absent,KPC_3,Absent
REALM_CRE_567,NA,NA,NA,NA,NA,NA,NA,Absent,KPC_3,Absent
REALM_CRE_568,NA,NA,NA,NA,NA,NA,NA,Absent,KPC_3,NA
REALM_CRE_569,NA,NA,NA,NA,NA,NA,NA,Absent,KPC_3,Absent
REALM_CRE_56,NA,NA,NA,NA,NA,NA,NA,Absent,KPC_3,Absent
REALM_CRE_570,NA,NA,NA,NA,NA,NA,NA,Absent,KPC_3,Absent
REALM_CRE_571,NA,NA,NA,NA,NA,NA,NA,Absent,KPC_3,Absent
REALM_CRE_572,NA,NA,NA,NA,NA,NA,NA,Absent,KPC_3,Absent
REALM_CRE_573,NA,NA,NA,NA,NA,NA,NA,Absent,KPC_3,Absent
REALM_CRE_574,NA,NA,NA,NA,NA,NA,NA,Absent,KPC_3,Absent
REALM_CRE_575,NA,NA,NA,NA,NA,NA,NA,Absent,KPC_3,Absent
REALM_CRE_576,NA,NA,NA,NA,NA,NA,NA,Absent,Absent,Absent
REALM_CRE_577,NA,NA,NA,NA,NA,NA,NA,Absent,KPC_3,Absent
REALM_CRE_578,NA,NA,NA,NA,NA,NA,NA,Absent,KPC_3,Absent
REALM_CRE_579,NA,NA,NA,NA,NA,NA,NA,Absent,KPC_3,Absent
REALM_CRE_580,NA,NA,NA,NA,NA,NA,NA,Absent,KPC_3,Absent
REALM_CRE_581,NA,NA,NA,NA,NA,NA,NA,Absent,KPC_3,Absent
REALM_CRE_582,NA,NA,NA,NA,NA,NA,NA,Absent,KPC_3,Absent
REALM_CRE_583,NA,NA,NA,NA,NA,NA,NA,Absent,KPC_3,Absent
REALM_CRE_584,NA,NA,NA,NA,NA,NA,NA,Absent,KPC_3,Absent
REALM_CRE_585,NA,NA,NA,NA,NA,NA,NA,Absent,KPC_3,Absent
REALM_CRE_586,NA,NA,NA,NA,NA,NA,NA,Absent,KPC_3,Absent
REALM_CRE_587,NA,NA,NA,NA,NA,NA,NA,Absent,Absent,Absent
REALM_CRE_588,NA,NA,NA,NA,NA,NA,NA,Absent,KPC_3,Absent
REALM_CRE_589,NA,NA,NA,NA,NA,NA,NA,Absent,KPC_3,Absent
REALM_CRE_58,NA,NA,NA,NA,NA,NA,NA,Absent,KPC_3,Absent
REALM_CRE_590,NA,NA,NA,NA,NA,NA,NA,Absent,KPC_3,Absent
REALM_CRE_591,NA,NA,NA,NA,NA,NA,NA,Absent,KPC_3,Present
REALM_CRE_592,NA,NA,NA,NA,NA,NA,NA,Absent,KPC_3,Absent
REALM_CRE_593,NA,NA,NA,NA,NA,NA,NA,Absent,KPC_3,Absent
REALM_CRE_594,NA,NA,NA,NA,NA,NA,NA,Absent,KPC_3,Absent
REALM_CRE_595,NA,NA,NA,NA,NA,NA,NA,Absent,KPC_3,Absent
REALM_CRE_596,NA,NA,NA,NA,NA,NA,NA,Absent,KPC_3,Absent
REALM_CRE_597,NA,NA,NA,NA,NA,NA,NA,NDM_1,Absent,Present
REALM_CRE_598,NA,NA,NA,NA,NA,NA,NA,Absent,KPC_3,Absent
REALM_CRE_599,NA,NA,NA,NA,NA,NA,NA,Absent,KPC_3,Absent
REALM_CRE_59,NA,NA,NA,NA,NA,NA,NA,Absent,KPC_3,Absent
REALM_CRE_600,NA,NA,NA,NA,NA,NA,NA,Absent,KPC_3,Absent
REALM_CRE_601,NA,NA,NA,NA,NA,NA,NA,Absent,Absent,NA
REALM_CRE_602,NA,NA,NA,NA,NA,NA,NA,NDM_1,Absent,Present
REALM_CRE_603,NA,NA,NA,NA,NA,NA,NA,Absent,KPC_3,Absent
REALM_CRE_604,NA,NA,NA,NA,NA,NA,NA,Absent,KPC_3,Absent
REALM_CRE_606,NA,NA,NA,NA,NA,NA,NA,Absent,KPC_3,Absent
REALM_CRE_607,NA,NA,NA,NA,NA,NA,NA,NDM_1,Absent,Present
REALM_CRE_608,NA,NA,NA,NA,NA,NA,NA,Absent,KPC_3,Absent
REALM_CRE_609,NA,NA,NA,NA,NA,NA,NA,Absent,KPC_3,Absent
REALM_CRE_60,NA,NA,NA,NA,NA,NA,NA,Absent,KPC_3,Absent
REALM_CRE_610,NA,NA,NA,NA,NA,NA,NA,Absent,KPC_3,Absent
REALM_CRE_611,NA,NA,NA,NA,NA,NA,NA,Absent,KPC_3,Absent
REALM_CRE_612,NA,NA,NA,NA,NA,NA,NA,Absent,KPC_3,Absent
REALM_CRE_613,NA,NA,NA,NA,NA,NA,NA,Absent,KPC_3,Absent
REALM_CRE_614,NA,NA,NA,NA,NA,NA,NA,Absent,KPC_3,Absent
REALM_CRE_615,NA,NA,NA,NA,NA,NA,NA,Absent,KPC_3,Absent
REALM_CRE_616,NA,NA,NA,NA,NA,NA,NA,Absent,KPC_3,Absent
REALM_CRE_617,NA,NA,NA,NA,NA,NA,NA,Absent,KPC_3,Absent
REALM_CRE_618,NA,NA,NA,NA,NA,NA,NA,Absent,KPC_3,Absent
REALM_CRE_619,NA,NA,NA,NA,NA,NA,NA,Absent,KPC_3,Absent
REALM_CRE_61,NA,NA,NA,NA,NA,NA,NA,Absent,KPC_3,Absent
REALM_CRE_620,NA,NA,NA,NA,NA,NA,NA,Absent,KPC_2,Absent
REALM_CRE_621,NA,NA,NA,NA,NA,NA,NA,Absent,KPC_3,Absent
REALM_CRE_622,NA,NA,NA,NA,NA,NA,NA,Absent,KPC_3,Absent
REALM_CRE_623,NA,NA,NA,NA,NA,NA,NA,Absent,KPC_3,Absent
REALM_CRE_624,NA,NA,NA,NA,NA,NA,NA,Absent,KPC_2,Absent
REALM_CRE_625,NA,NA,NA,NA,NA,NA,NA,Absent,KPC_3,Absent
REALM_CRE_626,NA,NA,NA,NA,NA,NA,NA,Absent,KPC_3,Absent
REALM_CRE_627,NA,NA,NA,NA,NA,NA,NA,Absent,KPC_3,Absent
REALM_CRE_628,NA,NA,NA,NA,NA,NA,NA,Absent,KPC_3,Absent
REALM_CRE_629,NA,NA,NA,NA,NA,NA,NA,Absent,KPC_3,Absent
REALM_CRE_630,NA,NA,NA,NA,NA,NA,NA,Absent,KPC_3,Absent
REALM_CRE_631,NA,NA,NA,NA,NA,NA,NA,Absent,KPC_3,Absent
REALM_CRE_632,NA,NA,NA,NA,NA,NA,NA,Absent,KPC_3,Absent
REALM_CRE_633,NA,NA,NA,NA,NA,NA,NA,Absent,KPC_3,Absent
REALM_CRE_634,NA,NA,NA,NA,NA,NA,NA,Absent,KPC_3,Absent
REALM_CRE_635,NA,NA,NA,NA,NA,NA,NA,Absent,KPC_3,Absent
REALM_CRE_636,NA,NA,NA,NA,NA,NA,NA,Absent,KPC_3,Absent
REALM_CRE_64,NA,NA,NA,NA,NA,NA,NA,Absent,KPC_3,Absent
REALM_CRE_65,NA,NA,NA,NA,NA,NA,NA,Absent,KPC_3,Absent
REALM_CRE_66,NA,NA,NA,NA,NA,NA,NA,Absent,KPC_3,Absent
REALM_CRE_67,NA,NA,NA,NA,NA,NA,NA,Absent,KPC_3,Absent
REALM_CRE_68,NA,NA,NA,NA,NA,NA,NA,Absent,KPC_3,Absent
REALM_CRE_69,NA,NA,NA,NA,NA,NA,NA,Absent,KPC_3,Absent
REALM_CRE_72,NA,NA,NA,NA,NA,NA,NA,Absent,KPC_3,Absent
REALM_CRE_73,NA,NA,NA,NA,NA,NA,NA,Absent,KPC_3,Present
REALM_CRE_74,NA,NA,NA,NA,NA,NA,NA,Absent,KPC_3,Absent
REALM_CRE_75,NA,NA,NA,NA,NA,NA,NA,Absent,KPC_3,Absent
REALM_CRE_76,NA,NA,NA,NA,NA,NA,NA,Absent,KPC_3,Absent
REALM_CRE_77,NA,NA,NA,NA,NA,NA,NA,Absent,KPC_3,Absent
REALM_CRE_81,NA,NA,NA,NA,NA,NA,NA,Absent,KPC_3,Absent
REALM_CRE_82,NA,NA,NA,NA,NA,NA,NA,Absent,KPC_3,Absent
REALM_CRE_84,NA,NA,NA,NA,NA,NA,NA,Absent,KPC_3,Absent
REALM_CRE_85,NA,NA,NA,NA,NA,NA,NA,Absent,KPC_3,Absent
REALM_CRE_92,NA,NA,NA,NA,NA,NA,NA,Absent,KPC_3,Absent
REALM_CRE_93,NA,NA,NA,NA,NA,NA,NA,Absent,KPC_3,Absent
REALM_CRE_94,NA,NA,NA,NA,NA,NA,NA,Absent,KPC_3,Absent
REALM_CRE_96,NA,NA,NA,NA,NA,NA,NA,Absent,KPC_3,Absent
REALM_CRE_97,NA,NA,NA,NA,NA,NA,NA,Absent,KPC_3,Absent
REALM_CRE_98,NA,NA,NA,NA,NA,NA,NA,Absent,KPC_3,Absent
SAMN06438722,NA,NA,NA,NA,NA,NA,NA,Absent,Absent,Absent
SAMN06438778,NA,NA,NA,NA,NA,NA,NA,Absent,Absent,Absent
573.12760,NA,NA,NA,NA,NA,NA,NA,Absent,Absent,Absent
573.1430,NA,NA,NA,NA,NA,NA,NA,Absent,Absent,Absent
573.19940,NA,NA,NA,NA,NA,NA,NA,Absent,Absent,Absent
573.25960,NA,NA,NA,NA,NA,NA,NA,NDM_5,Absent,Absent
573.29450,NA,NA,NA,NA,NA,NA,NA,Absent,Absent,Absent
573.29490,NA,NA,NA,NA,NA,NA,NA,NDM_1,Absent,Absent
573.32160,NA,NA,NA,NA,NA,NA,NA,Absent,KPC_2,Absent
573.32310,NA,NA,NA,NA,NA,NA,NA,Absent,KPC_2,Absent
573.4026,NA,NA,NA,NA,NA,NA,NA,NDM_1,Absent,Absent
573.4066,NA,NA,NA,NA,NA,NA,NA,Absent,Absent,Absent
573.9630,NA,NA,NA,NA,NA,NA,NA,Absent,KPC_2,Absent
72407.1410,NA,NA,NA,NA,NA,NA,NA,Absent,Absent,Absent
GCF_001455995.1,NA,NA,NA,NA,NA,NA,NA,NA,NA,NA
GCF_001644765.1,NA,NA,NA,NA,NA,NA,NA,NA,NA,NA
GCF_001648215.1,NA,NA,NA,NA,NA,NA,NA,NA,NA,NA
GCF_001701425.2,NA,NA,NA,NA,NA,NA,NA,NA,NA,NA
GCF_001746535.1,NA,NA,NA,NA,NA,NA,NA,NA,NA,NA
GCF_001855315.1,NA,NA,NA,NA,NA,NA,NA,NA,NA,NA
GCF_001885255.2,NA,NA,NA,NA,NA,NA,NA,NA,NA,NA
GCF_001908595.1,NA,NA,NA,NA,NA,NA,NA,NA,NA,NA
GCF_001908625.1,NA,NA,NA,NA,NA,NA,NA,NA,NA,NA
GCF_001908655.1,NA,NA,NA,NA,NA,NA,NA,NA,NA,NA
GCF_001908675.1,NA,NA,NA,NA,NA,NA,NA,NA,NA,NA
GCF_001908695.1,NA,NA,NA,NA,NA,NA,NA,NA,NA,NA
GCF_001908875.1,NA,NA,NA,NA,NA,NA,NA,NA,NA,NA
GCF_001956965.1,NA,NA,NA,NA,NA,NA,NA,NA,NA,NA
GCF_002192375.1,NA,NA,NA,NA,NA,NA,NA,NA,NA,NA
GCF_002202215.1,NA,NA,NA,NA,NA,NA,NA,NA,NA,NA
GCF_002202235.1,NA,NA,NA,NA,NA,NA,NA,NA,NA,NA
GCF_002591075.1,NA,NA,NA,NA,NA,NA,NA,NA,NA,NA
GCF_002636375.1,NA,NA,NA,NA,NA,NA,NA,NA,NA,NA
GCF_002786755.1,NA,NA,NA,NA,NA,NA,NA,NA,NA,NA
GCF_002787755.1,NA,NA,NA,NA,NA,NA,NA,NA,NA,NA
GCF_002848605.1,NA,NA,NA,NA,NA,NA,NA,NA,NA,NA
GCF_003006175.1,NA,NA,NA,NA,NA,NA,NA,NA,NA,NA
GCF_003031345.1,NA,NA,NA,NA,NA,NA,NA,NA,NA,NA
GCF_003181055.1,NA,NA,NA,NA,NA,NA,NA,NA,NA,NA
GCF_003194285.1,NA,NA,NA,NA,NA,NA,NA,NA,NA,NA
GCF_003571745.1,NA,NA,NA,NA,NA,NA,NA,NA,NA,NA
GCF_003856595.1,NA,NA,NA,NA,NA,NA,NA,NA,NA,NA
GCF_005944305.1,NA,NA,NA,NA,NA,NA,NA,NA,NA,NA
GCF_008693405.1,NA,NA,NA,NA,NA,NA,NA,NA,NA,NA
GCF_009731405.1,NA,NA,NA,NA,NA,NA,NA,NA,NA,NA
GCF_011769725.1,NA,NA,NA,NA,NA,NA,NA,NA,NA,NA
GCF_013694405.1,NA,NA,NA,NA,NA,NA,NA,NA,NA,NA
GCF_013694425.1,NA,NA,NA,NA,NA,NA,NA,NA,NA,NA
